PassengerId,Survived,Pclass,Age,SibSp,Parch,Fare,Sex_male,Embarked_Q,Embarked_S
1,0,3,-0.565736461,0.432793366,-0.473673609,-0.502445171,TRUE,FALSE,TRUE
2,1,1,0.663861032,0.432793366,-0.473673609,0.786845294,FALSE,FALSE,FALSE
3,1,3,-0.258337088,-0.474545196,-0.473673609,-0.488854258,FALSE,FALSE,TRUE
4,1,1,0.433311502,0.432793366,-0.473673609,0.420730236,FALSE,FALSE,TRUE
5,0,3,0.433311502,-0.474545196,-0.473673609,-0.486337422,TRUE,FALSE,TRUE
6,0,3,-0.104637401,-0.474545196,-0.473673609,-0.478116429,TRUE,TRUE,FALSE
7,0,1,1.893458525,-0.474545196,-0.473673609,0.395813561,TRUE,FALSE,TRUE
8,0,3,-2.102733328,2.24747049,0.767629879,-0.224083121,TRUE,FALSE,TRUE
9,1,3,-0.181487244,-0.474545196,2.008933366,-0.424256141,FALSE,FALSE,TRUE
10,1,2,-1.180535208,0.432793366,-0.473673609,-0.042955502,FALSE,FALSE,FALSE
11,1,3,-1.949033641,0.432793366,0.767629879,-0.312172378,FALSE,FALSE,TRUE
12,1,1,2.200857898,-0.474545196,-0.473673609,-0.113845709,FALSE,FALSE,TRUE
13,0,3,-0.719436148,-0.474545196,-0.473673609,-0.486337422,TRUE,FALSE,TRUE
14,0,3,0.740710875,0.432793366,5.73284383,-0.018709312,TRUE,FALSE,TRUE
15,0,3,-1.180535208,-0.474545196,-0.473673609,-0.490279793,FALSE,FALSE,TRUE
16,1,2,1.970308369,-0.474545196,-0.473673609,-0.326266659,FALSE,FALSE,TRUE
17,0,3,-2.102733328,3.154809051,0.767629879,-0.061998889,TRUE,TRUE,FALSE
18,1,2,-0.104637401,-0.474545196,-0.473673609,-0.38667072,TRUE,FALSE,TRUE
19,0,3,0.125912129,0.432793366,-0.473673609,-0.285997284,FALSE,FALSE,TRUE
20,1,3,-0.104637401,-0.474545196,-0.473673609,-0.502948539,FALSE,FALSE,FALSE
21,0,2,0.433311502,-0.474545196,-0.473673609,-0.124919787,TRUE,FALSE,TRUE
22,1,2,0.356461659,-0.474545196,-0.473673609,-0.38667072,TRUE,FALSE,TRUE
23,1,3,-1.103685364,-0.474545196,-0.473673609,-0.486756223,FALSE,TRUE,FALSE
24,1,1,-0.104637401,-0.474545196,-0.473673609,0.066359742,TRUE,FALSE,TRUE
25,0,3,-1.641634268,2.24747049,0.767629879,-0.224083121,FALSE,FALSE,TRUE
26,1,3,0.663861032,0.432793366,5.73284383,-0.016444159,FALSE,FALSE,TRUE
27,0,3,-0.104637401,-0.474545196,-0.473673609,-0.502948539,TRUE,FALSE,FALSE
29,1,3,-0.104637401,-0.474545196,-0.473673609,-0.489776426,FALSE,TRUE,FALSE
30,0,3,-0.104637401,-0.474545196,-0.473673609,-0.48944219,TRUE,FALSE,TRUE
31,0,1,0.817560719,-0.474545196,-0.473673609,-0.090272017,TRUE,FALSE,FALSE
32,1,1,-0.104637401,0.432793366,-0.473673609,2.301728821,FALSE,FALSE,FALSE
33,1,3,-0.104637401,-0.474545196,-0.473673609,-0.492377828,FALSE,TRUE,FALSE
34,0,2,2.815656645,-0.474545196,-0.473673609,-0.437007438,TRUE,FALSE,TRUE
35,0,1,-0.104637401,0.432793366,-0.473673609,1.0060617,TRUE,FALSE,FALSE
36,0,1,0.971260405,0.432793366,-0.473673609,0.39858208,TRUE,FALSE,TRUE
37,1,3,-0.104637401,-0.474545196,-0.473673609,-0.502863973,TRUE,FALSE,FALSE
38,0,3,-0.642586304,-0.474545196,-0.473673609,-0.486337422,TRUE,FALSE,TRUE
39,0,3,-0.873135834,1.340131928,-0.473673609,-0.285997284,FALSE,FALSE,TRUE
40,1,3,-1.180535208,0.432793366,-0.473673609,-0.422073541,FALSE,FALSE,FALSE
41,0,3,0.817560719,0.432793366,-0.473673609,-0.457645492,FALSE,FALSE,TRUE
42,0,2,-0.181487244,0.432793366,-0.473673609,-0.225593223,FALSE,FALSE,TRUE
43,0,3,-0.104637401,-0.474545196,-0.473673609,-0.48944219,TRUE,FALSE,FALSE
44,1,2,-2.025883484,0.432793366,2.008933366,0.188762532,FALSE,FALSE,FALSE
45,1,3,-0.796285991,-0.474545196,-0.473673609,-0.489776426,FALSE,TRUE,FALSE
46,0,3,-0.104637401,-0.474545196,-0.473673609,-0.486337422,TRUE,FALSE,TRUE
47,0,3,-0.104637401,0.432793366,-0.473673609,-0.336334002,TRUE,TRUE,FALSE
48,1,3,-0.104637401,-0.474545196,-0.473673609,-0.492377828,FALSE,TRUE,FALSE
49,0,3,-0.104637401,1.340131928,-0.473673609,-0.211917743,TRUE,FALSE,FALSE
50,0,3,-0.873135834,0.432793366,-0.473673609,-0.290024222,FALSE,FALSE,TRUE
51,0,3,-1.718484111,3.154809051,0.767629879,0.150673744,TRUE,FALSE,TRUE
52,0,3,-0.642586304,-0.474545196,-0.473673609,-0.491371093,TRUE,FALSE,TRUE
53,1,1,1.509209309,0.432793366,-0.473673609,0.896496787,FALSE,FALSE,FALSE
54,1,2,-0.027787558,0.432793366,-0.473673609,-0.124919787,FALSE,FALSE,TRUE
55,0,1,2.738806802,-0.474545196,0.767629879,0.599510151,TRUE,FALSE,FALSE
56,1,1,-0.104637401,-0.474545196,-0.473673609,0.066359742,TRUE,FALSE,TRUE
57,1,2,-0.642586304,-0.474545196,-0.473673609,-0.437007438,FALSE,FALSE,TRUE
58,0,3,-0.066212479,-0.474545196,-0.473673609,-0.502863973,TRUE,FALSE,FALSE
59,1,2,-1.872183798,0.432793366,2.008933366,-0.089684084,FALSE,FALSE,TRUE
60,0,3,-1.411084738,4.062147613,2.008933366,0.295895176,TRUE,FALSE,TRUE
61,0,3,-0.565736461,-0.474545196,-0.473673609,-0.502863973,TRUE,FALSE,FALSE
62,1,1,0.663861032,-0.474545196,-0.473673609,0.962353321,FALSE,FALSE,TRUE
63,0,1,1.201809935,0.432793366,-0.473673609,1.032321359,TRUE,FALSE,TRUE
64,0,3,-1.949033641,2.24747049,2.008933366,-0.086663881,TRUE,FALSE,TRUE
65,0,1,-0.104637401,-0.474545196,-0.473673609,-0.090272017,TRUE,FALSE,FALSE
66,1,3,-0.104637401,0.432793366,0.767629879,-0.34145224,TRUE,FALSE,FALSE
67,1,2,-0.027787558,-0.474545196,-0.473673609,-0.437007438,FALSE,FALSE,TRUE
68,0,3,-0.796285991,-0.474545196,-0.473673609,-0.484156835,TRUE,FALSE,TRUE
69,1,3,-0.949985678,3.154809051,2.008933366,-0.488854258,FALSE,FALSE,TRUE
70,0,3,-0.258337088,1.340131928,-0.473673609,-0.474004926,TRUE,FALSE,TRUE
71,0,2,0.202761972,-0.474545196,-0.473673609,-0.437007438,TRUE,FALSE,TRUE
72,0,3,-1.026835521,4.062147613,2.008933366,0.295895176,FALSE,FALSE,TRUE
73,0,2,-0.642586304,-0.474545196,-0.473673609,0.831477855,TRUE,FALSE,TRUE
74,0,3,-0.258337088,0.432793366,-0.473673609,-0.357390858,TRUE,FALSE,FALSE
75,1,3,0.202761972,-0.474545196,-0.473673609,0.489103607,TRUE,FALSE,TRUE
76,0,3,-0.335186931,-0.474545196,-0.473673609,-0.494391297,TRUE,FALSE,TRUE
77,0,3,-0.104637401,-0.474545196,-0.473673609,-0.48944219,TRUE,FALSE,TRUE
78,0,3,-0.104637401,-0.474545196,-0.473673609,-0.486337422,TRUE,FALSE,TRUE
79,1,2,-2.192647644,-0.474545196,2.008933366,-0.064515725,TRUE,FALSE,TRUE
80,1,3,0.049062285,-0.474545196,-0.473673609,-0.397241431,FALSE,FALSE,TRUE
81,0,3,-0.565736461,-0.474545196,-0.473673609,-0.467209469,TRUE,FALSE,TRUE
82,1,3,-0.027787558,-0.474545196,-0.473673609,-0.457142125,TRUE,FALSE,TRUE
83,1,3,-0.104637401,-0.474545196,-0.473673609,-0.491622777,FALSE,TRUE,FALSE
84,0,1,-0.104637401,-0.474545196,-0.473673609,0.299922113,TRUE,FALSE,TRUE
85,1,2,-0.949985678,-0.474545196,-0.473673609,-0.437007438,FALSE,FALSE,TRUE
86,1,3,0.279611815,2.24747049,-0.473673609,-0.329286862,FALSE,FALSE,TRUE
87,0,3,-1.026835521,0.432793366,3.250236854,0.043708218,TRUE,FALSE,TRUE
88,0,3,-0.104637401,-0.474545196,-0.473673609,-0.486337422,TRUE,FALSE,TRUE
90,0,3,-0.412036774,-0.474545196,-0.473673609,-0.486337422,TRUE,FALSE,TRUE
91,0,3,-0.027787558,-0.474545196,-0.473673609,-0.486337422,TRUE,FALSE,TRUE
92,0,3,-0.719436148,-0.474545196,-0.473673609,-0.490279793,TRUE,FALSE,TRUE
93,0,1,1.278659779,0.432793366,-0.473673609,0.583317835,TRUE,FALSE,TRUE
94,0,3,-0.258337088,0.432793366,2.008933366,-0.234150465,TRUE,FALSE,TRUE
95,0,3,2.277707742,-0.474545196,-0.473673609,-0.502445171,TRUE,FALSE,TRUE
96,0,3,-0.104637401,-0.474545196,-0.473673609,-0.486337422,TRUE,FALSE,TRUE
97,0,1,3.199905862,-0.474545196,-0.473673609,0.049329823,TRUE,FALSE,FALSE
98,1,1,-0.488886618,-0.474545196,0.767629879,0.627277898,TRUE,FALSE,FALSE
99,1,2,0.356461659,-0.474545196,0.767629879,-0.185323848,FALSE,FALSE,TRUE
100,0,2,0.356461659,0.432793366,-0.473673609,-0.124919787,TRUE,FALSE,TRUE
101,0,3,-0.104637401,-0.474545196,-0.473673609,-0.48944219,FALSE,FALSE,TRUE
102,0,3,-0.104637401,-0.474545196,-0.473673609,-0.48944219,TRUE,FALSE,TRUE
103,0,1,-0.642586304,-0.474545196,0.767629879,0.907737982,TRUE,FALSE,TRUE
104,0,3,0.279611815,-0.474545196,-0.473673609,-0.474172044,TRUE,FALSE,TRUE
105,0,3,0.587011189,1.340131928,-0.473673609,-0.488854258,TRUE,FALSE,TRUE
106,0,3,-0.104637401,-0.474545196,-0.473673609,-0.48944219,TRUE,FALSE,TRUE
107,1,3,-0.642586304,-0.474545196,-0.473673609,-0.494391297,FALSE,FALSE,TRUE
108,1,3,-0.104637401,-0.474545196,-0.473673609,-0.491874461,TRUE,FALSE,TRUE
109,0,3,0.663861032,-0.474545196,-0.473673609,-0.48944219,TRUE,FALSE,TRUE
110,1,3,-0.104637401,0.432793366,-0.473673609,-0.162168958,FALSE,TRUE,FALSE
111,0,1,1.355509622,-0.474545196,-0.473673609,0.39858208,TRUE,FALSE,TRUE
112,0,3,-1.142110286,0.432793366,-0.473673609,-0.357390858,FALSE,FALSE,FALSE
113,0,3,-0.565736461,-0.474545196,-0.473673609,-0.486337422,TRUE,FALSE,TRUE
114,0,3,-0.719436148,0.432793366,-0.473673609,-0.450598352,FALSE,FALSE,TRUE
115,0,3,-0.949985678,-0.474545196,-0.473673609,-0.357308306,FALSE,FALSE,FALSE
116,0,3,-0.642586304,-0.474545196,-0.473673609,-0.488854258,TRUE,FALSE,TRUE
117,0,3,3.16148094,-0.474545196,-0.473673609,-0.492377828,TRUE,TRUE,FALSE
118,0,2,-0.027787558,0.432793366,-0.473673609,-0.225593223,TRUE,FALSE,TRUE
119,0,1,-0.412036774,-0.474545196,0.767629879,4.335332227,TRUE,FALSE,FALSE
120,0,3,-2.102733328,3.154809051,2.008933366,-0.018709312,FALSE,FALSE,TRUE
121,0,2,-0.642586304,1.340131928,-0.473673609,0.831477855,TRUE,FALSE,TRUE
122,0,3,-0.104637401,-0.474545196,-0.473673609,-0.486337422,TRUE,FALSE,TRUE
123,0,2,0.241186894,0.432793366,-0.473673609,-0.042955502,TRUE,FALSE,FALSE
124,1,2,0.241186894,-0.474545196,-0.473673609,-0.38667072,FALSE,FALSE,TRUE
125,0,1,1.893458525,-0.474545196,0.767629879,0.907737982,TRUE,FALSE,TRUE
126,1,3,-1.334234894,0.432793366,-0.473673609,-0.422073541,TRUE,FALSE,FALSE
127,0,3,-0.104637401,-0.474545196,-0.473673609,-0.492377828,TRUE,TRUE,FALSE
128,1,3,-0.412036774,-0.474545196,-0.473673609,-0.504625758,TRUE,FALSE,TRUE
129,1,3,-0.104637401,0.432793366,0.767629879,-0.198244277,FALSE,FALSE,FALSE
130,0,3,1.201809935,-0.474545196,-0.473673609,-0.50798221,TRUE,FALSE,TRUE
131,0,3,0.279611815,-0.474545196,-0.473673609,-0.48944219,TRUE,FALSE,FALSE
132,0,3,-0.719436148,-0.474545196,-0.473673609,-0.506472109,TRUE,FALSE,TRUE
133,0,3,1.355509622,0.432793366,-0.473673609,-0.356468689,FALSE,FALSE,TRUE
134,1,2,-0.027787558,0.432793366,-0.473673609,-0.124919787,FALSE,FALSE,TRUE
135,0,2,-0.335186931,-0.474545196,-0.473673609,-0.38667072,TRUE,FALSE,TRUE
136,0,2,-0.488886618,-0.474545196,-0.473673609,-0.345479177,TRUE,FALSE,FALSE
137,1,1,-0.796285991,-0.474545196,2.008933366,-0.11921563,FALSE,FALSE,TRUE
138,0,1,0.587011189,0.432793366,-0.473673609,0.420730236,TRUE,FALSE,TRUE
139,0,3,-1.026835521,-0.474545196,-0.473673609,-0.462846282,TRUE,FALSE,TRUE
140,0,1,-0.412036774,-0.474545196,-0.473673609,0.946245572,TRUE,FALSE,FALSE
141,0,3,-0.104637401,-0.474545196,2.008933366,-0.34145224,FALSE,FALSE,FALSE
142,1,3,-0.565736461,-0.474545196,-0.473673609,-0.492377828,FALSE,FALSE,TRUE
143,1,3,-0.412036774,0.432793366,-0.473673609,-0.329286862,FALSE,FALSE,TRUE
144,0,3,-0.796285991,-0.474545196,-0.473673609,-0.512512515,TRUE,TRUE,FALSE
145,0,2,-0.873135834,-0.474545196,-0.473673609,-0.416872751,TRUE,FALSE,TRUE
146,0,2,-0.796285991,0.432793366,0.767629879,0.091528101,TRUE,FALSE,TRUE
147,1,3,-0.181487244,-0.474545196,-0.473673609,-0.491455659,TRUE,FALSE,TRUE
148,0,3,-1.564784424,1.340131928,2.008933366,0.043708218,FALSE,FALSE,TRUE
149,0,2,0.548586267,-0.474545196,2.008933366,-0.124919787,TRUE,FALSE,TRUE
150,0,2,0.971260405,-0.474545196,-0.473673609,-0.38667072,TRUE,FALSE,TRUE
151,0,2,1.662908995,-0.474545196,-0.473673609,-0.396234697,TRUE,FALSE,TRUE
152,1,1,-0.565736461,0.432793366,-0.473673609,0.692548513,FALSE,FALSE,TRUE
153,0,3,2.00873329,-0.474545196,-0.473673609,-0.486337422,TRUE,FALSE,TRUE
154,0,3,0.85598564,-0.474545196,2.008933366,-0.356468689,TRUE,FALSE,TRUE
155,0,3,-0.104637401,-0.474545196,-0.473673609,-0.501186753,TRUE,FALSE,TRUE
156,0,1,1.662908995,-0.474545196,0.767629879,0.587429338,TRUE,FALSE,FALSE
157,1,3,-1.026835521,-0.474545196,-0.473673609,-0.492714077,FALSE,TRUE,FALSE
158,0,3,0.049062285,-0.474545196,-0.473673609,-0.486337422,TRUE,FALSE,TRUE
159,0,3,-0.104637401,-0.474545196,-0.473673609,-0.474004926,TRUE,FALSE,TRUE
160,0,3,-0.104637401,6.784163299,2.008933366,0.75194584,TRUE,FALSE,TRUE
161,0,3,1.124960092,-0.474545196,0.767629879,-0.32425319,TRUE,FALSE,TRUE
162,1,2,0.817560719,-0.474545196,-0.473673609,-0.33130033,FALSE,FALSE,TRUE
163,0,3,-0.258337088,-0.474545196,-0.473673609,-0.491874461,TRUE,FALSE,TRUE
164,0,3,-0.949985678,-0.474545196,-0.473673609,-0.474004926,TRUE,FALSE,TRUE
165,0,3,-2.179583171,3.154809051,0.767629879,0.150673744,TRUE,FALSE,TRUE
166,1,3,-1.564784424,-0.474545196,2.008933366,-0.235157199,TRUE,FALSE,TRUE
167,1,1,-0.104637401,-0.474545196,0.767629879,0.458986142,FALSE,FALSE,TRUE
168,0,3,1.201809935,0.432793366,4.491540342,-0.086663881,FALSE,FALSE,TRUE
169,0,1,-0.104637401,-0.474545196,-0.473673609,-0.126429888,TRUE,FALSE,TRUE
170,0,3,-0.104637401,-0.474545196,-0.473673609,0.489103607,TRUE,FALSE,TRUE
171,0,1,2.431407428,-0.474545196,-0.473673609,0.026090367,TRUE,FALSE,TRUE
172,0,3,-1.949033641,3.154809051,0.767629879,-0.061998889,TRUE,TRUE,FALSE
173,1,3,-2.179583171,0.432793366,0.767629879,-0.424256141,FALSE,FALSE,TRUE
174,0,3,-0.642586304,-0.474545196,-0.473673609,-0.488854258,TRUE,FALSE,TRUE
175,0,1,2.047158212,-0.474545196,-0.473673609,-0.030371323,TRUE,FALSE,FALSE
176,0,3,-0.873135834,0.432793366,0.767629879,-0.490279793,TRUE,FALSE,TRUE
177,0,3,-0.104637401,2.24747049,0.767629879,-0.135657615,TRUE,FALSE,TRUE
178,0,1,1.586059152,-0.474545196,-0.473673609,-0.070304448,FALSE,FALSE,FALSE
179,0,2,0.049062285,-0.474545196,-0.473673609,-0.38667072,TRUE,FALSE,TRUE
180,0,3,0.510161345,-0.474545196,-0.473673609,-0.648421654,TRUE,FALSE,TRUE
181,0,3,-0.104637401,6.784163299,2.008933366,0.75194584,FALSE,FALSE,TRUE
182,0,2,-0.104637401,-0.474545196,-0.473673609,-0.345394611,TRUE,FALSE,FALSE
183,0,3,-1.564784424,3.154809051,2.008933366,-0.016444159,TRUE,FALSE,TRUE
184,1,2,-2.179583171,1.340131928,0.767629879,0.136831147,TRUE,FALSE,TRUE
185,1,3,-1.949033641,-0.474545196,2.008933366,-0.204955168,FALSE,FALSE,TRUE
186,0,1,-0.104637401,-0.474545196,-0.473673609,0.358312706,TRUE,FALSE,TRUE
187,1,3,-0.104637401,0.432793366,-0.473673609,-0.336334002,FALSE,TRUE,FALSE
188,1,1,1.201809935,-0.474545196,-0.473673609,-0.113845709,TRUE,FALSE,TRUE
189,0,3,0.817560719,0.432793366,0.767629879,-0.336334002,TRUE,TRUE,FALSE
190,0,3,0.510161345,-0.474545196,-0.473673609,-0.48944219,TRUE,FALSE,TRUE
191,1,2,0.202761972,-0.474545196,-0.473673609,-0.38667072,FALSE,FALSE,TRUE
192,0,2,-0.796285991,-0.474545196,-0.473673609,-0.38667072,TRUE,FALSE,TRUE
193,1,3,-0.796285991,0.432793366,-0.473673609,-0.490279793,FALSE,FALSE,TRUE
194,1,2,-2.025883484,0.432793366,0.767629879,-0.124919787,TRUE,FALSE,TRUE
195,1,1,1.124960092,-0.474545196,-0.473673609,-0.090272017,FALSE,FALSE,FALSE
196,1,1,2.200857898,-0.474545196,-0.473673609,2.301728821,FALSE,FALSE,FALSE
197,0,3,-0.104637401,-0.474545196,-0.473673609,-0.492377828,TRUE,TRUE,FALSE
198,0,3,0.971260405,-0.474545196,0.767629879,-0.479205715,TRUE,FALSE,TRUE
199,1,3,-0.104637401,-0.474545196,-0.473673609,-0.492377828,FALSE,TRUE,FALSE
200,0,2,-0.412036774,-0.474545196,-0.473673609,-0.38667072,FALSE,FALSE,TRUE
201,0,3,-0.104637401,-0.474545196,-0.473673609,-0.457142125,TRUE,FALSE,TRUE
202,0,3,-0.104637401,6.784163299,2.008933366,0.75194584,TRUE,FALSE,TRUE
203,0,3,0.356461659,-0.474545196,-0.473673609,-0.517630753,TRUE,FALSE,TRUE
204,0,3,1.240234857,-0.474545196,-0.473673609,-0.502948539,TRUE,FALSE,FALSE
205,1,3,-0.873135834,-0.474545196,-0.473673609,-0.486337422,TRUE,FALSE,TRUE
206,0,3,-2.102733328,-0.474545196,0.767629879,-0.437762489,FALSE,FALSE,TRUE
207,0,3,0.202761972,0.432793366,-0.473673609,-0.329286862,TRUE,FALSE,TRUE
208,1,3,-0.258337088,-0.474545196,-0.473673609,-0.270141218,TRUE,FALSE,FALSE
209,1,3,-1.026835521,-0.474545196,-0.473673609,-0.492377828,FALSE,TRUE,FALSE
210,1,1,0.817560719,-0.474545196,-0.473673609,-0.024246351,TRUE,FALSE,FALSE
211,0,3,-0.412036774,-0.474545196,-0.473673609,-0.506472109,TRUE,FALSE,TRUE
212,1,2,0.433311502,-0.474545196,-0.473673609,-0.225593223,FALSE,FALSE,TRUE
213,0,3,-0.565736461,-0.474545196,-0.473673609,-0.502445171,TRUE,FALSE,TRUE
214,0,2,0.049062285,-0.474545196,-0.473673609,-0.38667072,TRUE,FALSE,TRUE
215,0,3,-0.104637401,0.432793366,-0.473673609,-0.492377828,TRUE,TRUE,FALSE
216,1,1,0.125912129,0.432793366,-0.473673609,1.632335038,FALSE,FALSE,FALSE
217,1,3,-0.181487244,-0.474545196,-0.473673609,-0.488854258,FALSE,FALSE,TRUE
218,0,2,0.971260405,0.432793366,-0.473673609,-0.1047851,TRUE,FALSE,TRUE
219,1,1,0.202761972,-0.474545196,-0.473673609,0.887687861,FALSE,FALSE,FALSE
220,0,2,0.049062285,-0.474545196,-0.473673609,-0.437007438,TRUE,FALSE,TRUE
221,1,3,-1.026835521,-0.474545196,-0.473673609,-0.486337422,TRUE,FALSE,TRUE
222,0,2,-0.181487244,-0.474545196,-0.473673609,-0.38667072,TRUE,FALSE,TRUE
223,0,3,1.662908995,-0.474545196,-0.473673609,-0.486337422,TRUE,FALSE,TRUE
224,0,3,-0.104637401,-0.474545196,-0.473673609,-0.48944219,TRUE,FALSE,TRUE
225,1,1,0.663861032,0.432793366,-0.473673609,1.163700193,TRUE,FALSE,TRUE
226,0,3,-0.565736461,-0.474545196,-0.473673609,-0.460162328,TRUE,FALSE,TRUE
227,1,2,-0.796285991,-0.474545196,-0.473673609,-0.437007438,TRUE,FALSE,TRUE
228,0,3,-0.681011226,-0.474545196,-0.473673609,-0.502445171,TRUE,FALSE,TRUE
229,0,2,-0.873135834,-0.474545196,-0.473673609,-0.38667072,TRUE,FALSE,TRUE
230,0,3,-0.104637401,2.24747049,0.767629879,-0.135657615,FALSE,FALSE,TRUE
231,1,1,0.433311502,0.432793366,-0.473673609,1.032321359,FALSE,FALSE,TRUE
232,0,3,-0.027787558,-0.474545196,-0.473673609,-0.491874461,TRUE,FALSE,TRUE
233,0,2,2.277707742,-0.474545196,-0.473673609,-0.376603377,TRUE,FALSE,TRUE
234,1,3,-1.872183798,3.154809051,2.008933366,-0.016444159,FALSE,FALSE,TRUE
235,0,2,-0.412036774,-0.474545196,-0.473673609,-0.437007438,TRUE,FALSE,TRUE
236,0,3,-0.104637401,-0.474545196,-0.473673609,-0.496404765,FALSE,FALSE,TRUE
237,0,2,1.124960092,0.432793366,-0.473673609,-0.124919787,TRUE,FALSE,TRUE
238,1,2,-1.641634268,-0.474545196,2.008933366,-0.119886115,FALSE,FALSE,TRUE
239,0,2,-0.796285991,-0.474545196,-0.473673609,-0.437007438,TRUE,FALSE,TRUE
240,0,2,0.279611815,-0.474545196,-0.473673609,-0.401268368,TRUE,FALSE,TRUE
241,0,3,-0.104637401,0.432793366,-0.473673609,-0.357390858,FALSE,FALSE,FALSE
242,1,3,-0.104637401,0.432793366,-0.473673609,-0.336334002,FALSE,TRUE,FALSE
243,0,2,-0.027787558,-0.474545196,-0.473673609,-0.437007438,TRUE,FALSE,TRUE
244,0,3,-0.565736461,-0.474545196,-0.473673609,-0.504962007,TRUE,FALSE,TRUE
245,0,3,0.049062285,-0.474545196,-0.473673609,-0.502948539,TRUE,FALSE,FALSE
246,0,1,1.124960092,1.340131928,-0.473673609,1.163700193,TRUE,TRUE,FALSE
247,0,3,-0.335186931,-0.474545196,-0.473673609,-0.491874461,FALSE,FALSE,TRUE
248,1,2,-0.412036774,-0.474545196,2.008933366,-0.356468689,FALSE,FALSE,TRUE
249,1,1,0.587011189,0.432793366,0.767629879,0.409740724,TRUE,FALSE,TRUE
250,0,2,1.893458525,0.432793366,-0.473673609,-0.124919787,TRUE,FALSE,TRUE
251,0,3,-0.104637401,-0.474545196,-0.473673609,-0.502445171,TRUE,FALSE,TRUE
252,0,3,-0.027787558,0.432793366,0.767629879,-0.437762489,FALSE,FALSE,TRUE
253,0,1,2.508257272,-0.474545196,-0.473673609,-0.113845709,TRUE,FALSE,TRUE
254,0,3,0.049062285,0.432793366,-0.473673609,-0.32425319,TRUE,FALSE,TRUE
255,0,3,0.894410562,-0.474545196,2.008933366,-0.241449289,FALSE,FALSE,TRUE
256,1,3,-0.027787558,-0.474545196,2.008933366,-0.34145224,FALSE,FALSE,FALSE
257,1,1,-0.104637401,-0.474545196,-0.473673609,0.946245572,FALSE,FALSE,FALSE
258,1,1,0.049062285,-0.474545196,-0.473673609,1.093228788,FALSE,FALSE,TRUE
260,1,2,1.586059152,-0.474545196,0.767629879,-0.124919787,FALSE,FALSE,TRUE
261,0,3,-0.104637401,-0.474545196,-0.473673609,-0.492377828,TRUE,TRUE,FALSE
262,1,3,-2.025883484,3.154809051,2.008933366,-0.016444159,TRUE,FALSE,TRUE
263,0,1,1.739758839,0.432793366,0.767629879,0.955306181,TRUE,FALSE,TRUE
264,0,1,0.817560719,-0.474545196,-0.473673609,-0.648421654,TRUE,FALSE,TRUE
265,0,3,-0.104637401,-0.474545196,-0.473673609,-0.492377828,FALSE,TRUE,FALSE
266,0,2,0.510161345,-0.474545196,-0.473673609,-0.437007438,TRUE,FALSE,TRUE
267,0,3,-1.026835521,3.154809051,0.767629879,0.150673744,TRUE,FALSE,TRUE
268,1,3,-0.335186931,0.432793366,-0.473673609,-0.491874461,TRUE,FALSE,TRUE
269,1,1,2.200857898,-0.474545196,0.767629879,2.441497779,FALSE,FALSE,TRUE
270,1,1,0.433311502,-0.474545196,-0.473673609,2.082512414,FALSE,FALSE,TRUE
271,0,1,-0.104637401,-0.474545196,-0.473673609,-0.024246351,TRUE,FALSE,TRUE
272,1,3,-0.335186931,-0.474545196,-0.473673609,-0.648421654,TRUE,FALSE,TRUE
273,1,2,0.894410562,-0.474545196,0.767629879,-0.255795253,FALSE,FALSE,TRUE
274,0,1,0.587011189,-0.474545196,0.767629879,-0.050421444,TRUE,FALSE,FALSE
275,1,3,-0.104637401,-0.474545196,-0.473673609,-0.492377828,FALSE,TRUE,FALSE
276,1,1,2.585107115,0.432793366,-0.473673609,0.921244331,FALSE,FALSE,TRUE
277,0,3,1.201809935,-0.474545196,-0.473673609,-0.492377828,FALSE,FALSE,TRUE
278,0,2,-0.104637401,-0.474545196,-0.473673609,-0.648421654,TRUE,FALSE,TRUE
279,0,3,-1.718484111,3.154809051,0.767629879,-0.061998889,TRUE,TRUE,FALSE
280,1,3,0.433311502,0.432793366,0.767629879,-0.240694238,FALSE,FALSE,TRUE
281,0,3,2.738806802,-0.474545196,-0.473673609,-0.492377828,TRUE,TRUE,FALSE
282,0,3,-0.104637401,-0.474545196,-0.473673609,-0.490279793,TRUE,FALSE,TRUE
283,0,3,-1.026835521,-0.474545196,-0.473673609,-0.457142125,TRUE,FALSE,TRUE
284,1,3,-0.796285991,-0.474545196,-0.473673609,-0.486337422,TRUE,FALSE,TRUE
285,0,1,-0.104637401,-0.474545196,-0.473673609,-0.124919787,TRUE,FALSE,TRUE
286,0,3,0.279611815,-0.474545196,-0.473673609,-0.474004926,TRUE,FALSE,FALSE
287,1,3,0.049062285,-0.474545196,-0.473673609,-0.457142125,TRUE,FALSE,TRUE
288,0,3,-0.565736461,-0.474545196,-0.473673609,-0.48944219,TRUE,FALSE,TRUE
289,1,2,0.971260405,-0.474545196,-0.473673609,-0.38667072,TRUE,FALSE,TRUE
290,1,3,-0.565736461,-0.474545196,-0.473673609,-0.492377828,FALSE,TRUE,FALSE
291,1,1,-0.258337088,-0.474545196,-0.473673609,0.939198431,FALSE,FALSE,TRUE
292,1,1,-0.796285991,0.432793366,-0.473673609,1.185429548,FALSE,FALSE,FALSE
293,0,2,0.510161345,-0.474545196,-0.473673609,-0.389187556,TRUE,FALSE,FALSE
294,0,3,-0.412036774,-0.474545196,-0.473673609,-0.470229672,FALSE,FALSE,TRUE
295,0,3,-0.412036774,-0.474545196,-0.473673609,-0.48944219,TRUE,FALSE,TRUE
296,0,1,-0.104637401,-0.474545196,-0.473673609,-0.090272017,TRUE,FALSE,FALSE
297,0,3,-0.450461696,-0.474545196,-0.473673609,-0.502863973,TRUE,FALSE,FALSE
298,0,1,-2.102733328,0.432793366,2.008933366,2.40299019,FALSE,FALSE,TRUE
299,1,1,-0.104637401,-0.474545196,-0.473673609,-0.034313694,TRUE,FALSE,TRUE
300,1,1,1.586059152,-0.474545196,0.767629879,4.335332227,FALSE,FALSE,FALSE
301,1,3,-0.104637401,-0.474545196,-0.473673609,-0.492377828,FALSE,TRUE,FALSE
302,1,3,-0.104637401,1.340131928,-0.473673609,-0.180290176,TRUE,TRUE,FALSE
303,0,3,-0.796285991,-0.474545196,-0.473673609,-0.648421654,TRUE,FALSE,TRUE
304,1,2,-0.104637401,-0.474545196,-0.473673609,-0.399758267,FALSE,TRUE,FALSE
305,0,3,-0.104637401,-0.474545196,-0.473673609,-0.486337422,TRUE,FALSE,TRUE
306,1,1,-2.185731158,0.432793366,2.008933366,2.40299019,TRUE,FALSE,TRUE
307,1,1,-0.104637401,-0.474545196,-0.473673609,1.584178906,FALSE,FALSE,FALSE
308,1,1,-0.949985678,0.432793366,-0.473673609,1.544245781,FALSE,FALSE,FALSE
309,0,2,0.049062285,0.432793366,-0.473673609,-0.165189161,TRUE,FALSE,FALSE
310,1,1,0.049062285,-0.474545196,-0.473673609,0.49782998,FALSE,FALSE,FALSE
311,1,1,-0.412036774,-0.474545196,-0.473673609,1.025944704,FALSE,FALSE,FALSE
313,0,2,-0.258337088,0.432793366,0.767629879,-0.124919787,FALSE,FALSE,TRUE
314,0,3,-0.104637401,-0.474545196,-0.473673609,-0.48944219,TRUE,FALSE,TRUE
315,0,2,1.048110249,0.432793366,0.767629879,-0.119886115,TRUE,FALSE,TRUE
316,1,3,-0.258337088,-0.474545196,-0.473673609,-0.490279793,FALSE,FALSE,TRUE
317,1,2,-0.412036774,0.432793366,-0.473673609,-0.124919787,FALSE,FALSE,TRUE
318,0,2,1.893458525,-0.474545196,-0.473673609,-0.366536033,TRUE,FALSE,TRUE
319,1,1,0.125912129,-0.474545196,2.008933366,2.671117778,FALSE,FALSE,TRUE
320,1,1,0.817560719,0.432793366,0.767629879,2.059693773,FALSE,FALSE,FALSE
321,0,3,-0.565736461,-0.474545196,-0.473673609,-0.502445171,TRUE,FALSE,TRUE
322,0,3,-0.181487244,-0.474545196,-0.473673609,-0.48944219,TRUE,FALSE,TRUE
323,1,2,0.049062285,-0.474545196,-0.473673609,-0.399758267,FALSE,TRUE,FALSE
324,1,2,-0.565736461,0.432793366,0.767629879,-0.064515725,FALSE,FALSE,TRUE
325,0,3,-0.104637401,6.784163299,2.008933366,0.75194584,TRUE,FALSE,TRUE
326,1,1,0.510161345,-0.474545196,-0.473673609,2.082512414,FALSE,FALSE,FALSE
327,0,3,2.431407428,-0.474545196,-0.473673609,-0.522831542,TRUE,FALSE,TRUE
328,1,2,0.510161345,-0.474545196,-0.473673609,-0.38667072,FALSE,FALSE,TRUE
329,1,3,0.125912129,0.432793366,0.767629879,-0.235157199,FALSE,FALSE,TRUE
330,1,1,-1.026835521,-0.474545196,0.767629879,0.518971402,FALSE,FALSE,FALSE
331,1,3,-0.104637401,1.340131928,-0.473673609,-0.180290176,FALSE,TRUE,FALSE
332,0,1,1.240234857,-0.474545196,-0.473673609,-0.074583069,TRUE,FALSE,TRUE
333,0,1,0.663861032,-0.474545196,0.767629879,2.441497779,TRUE,FALSE,TRUE
334,0,3,-1.026835521,1.340131928,-0.473673609,-0.285997284,TRUE,FALSE,TRUE
335,1,1,-0.104637401,0.432793366,-0.473673609,2.042579289,FALSE,FALSE,TRUE
336,0,3,-0.104637401,-0.474545196,-0.473673609,-0.48944219,TRUE,FALSE,TRUE
337,0,1,-0.027787558,0.432793366,-0.473673609,0.692548513,TRUE,FALSE,TRUE
338,1,1,0.894410562,-0.474545196,-0.473673609,2.059693773,FALSE,FALSE,FALSE
339,1,3,1.201809935,-0.474545196,-0.473673609,-0.486337422,TRUE,FALSE,TRUE
340,0,1,1.201809935,-0.474545196,-0.473673609,0.066359742,TRUE,FALSE,TRUE
341,1,2,-2.102733328,0.432793366,0.767629879,-0.124919787,TRUE,FALSE,TRUE
343,0,2,-0.104637401,-0.474545196,-0.473673609,-0.38667072,TRUE,FALSE,TRUE
344,0,2,-0.335186931,-0.474545196,-0.473673609,-0.38667072,TRUE,FALSE,TRUE
345,0,2,0.510161345,-0.474545196,-0.473673609,-0.38667072,TRUE,FALSE,TRUE
346,1,2,-0.412036774,-0.474545196,-0.473673609,-0.38667072,FALSE,FALSE,TRUE
347,1,2,0.817560719,-0.474545196,-0.473673609,-0.38667072,FALSE,FALSE,TRUE
348,1,3,-0.104637401,0.432793366,-0.473673609,-0.32425319,FALSE,FALSE,TRUE
349,1,3,-2.025883484,0.432793366,0.767629879,-0.328280127,TRUE,FALSE,TRUE
350,0,3,0.971260405,-0.474545196,-0.473673609,-0.474004926,TRUE,FALSE,TRUE
351,0,3,-0.488886618,-0.474545196,-0.473673609,-0.462679164,TRUE,FALSE,TRUE
352,0,1,-0.104637401,-0.474545196,-0.473673609,0.056292398,TRUE,FALSE,TRUE
353,0,3,-1.103685364,0.432793366,0.767629879,-0.502863973,TRUE,FALSE,FALSE
354,0,3,-0.335186931,0.432793366,-0.473673609,-0.290024222,TRUE,FALSE,TRUE
355,0,3,-0.104637401,-0.474545196,-0.473673609,-0.502948539,TRUE,FALSE,FALSE
356,0,3,-0.104637401,-0.474545196,-0.473673609,-0.457142125,TRUE,FALSE,TRUE
357,1,1,-0.565736461,-0.474545196,0.767629879,0.458986142,FALSE,FALSE,TRUE
358,0,2,0.663861032,-0.474545196,-0.473673609,-0.38667072,FALSE,FALSE,TRUE
359,1,3,-0.104637401,-0.474545196,-0.473673609,-0.489776426,FALSE,TRUE,FALSE
360,1,3,-0.104637401,-0.474545196,-0.473673609,-0.489776426,FALSE,TRUE,FALSE
361,0,3,0.817560719,0.432793366,4.491540342,-0.086663881,TRUE,FALSE,TRUE
362,0,2,-0.027787558,0.432793366,-0.473673609,-0.090272017,TRUE,FALSE,FALSE
363,0,3,1.201809935,-0.474545196,0.767629879,-0.357390858,FALSE,FALSE,FALSE
364,0,3,0.433311502,-0.474545196,-0.473673609,-0.506472109,TRUE,FALSE,TRUE
365,0,3,-0.104637401,0.432793366,-0.473673609,-0.336334002,TRUE,TRUE,FALSE
366,0,3,0.049062285,-0.474545196,-0.473673609,-0.502445171,TRUE,FALSE,TRUE
367,1,1,2.354557585,0.432793366,-0.473673609,0.866713557,FALSE,FALSE,FALSE
368,1,3,-0.104637401,-0.474545196,-0.473673609,-0.502863973,FALSE,FALSE,FALSE
369,1,3,-0.104637401,-0.474545196,-0.473673609,-0.492377828,FALSE,TRUE,FALSE
370,1,1,-0.412036774,-0.474545196,-0.473673609,0.746912168,FALSE,FALSE,FALSE
371,1,1,-0.335186931,0.432793366,-0.473673609,0.467879633,TRUE,FALSE,FALSE
372,0,3,-0.873135834,0.432793366,-0.473673609,-0.517630753,TRUE,FALSE,TRUE
373,0,3,-0.796285991,-0.474545196,-0.473673609,-0.486337422,TRUE,FALSE,TRUE
374,0,1,-0.565736461,-0.474545196,-0.473673609,2.082512414,TRUE,FALSE,FALSE
375,0,3,-2.025883484,2.24747049,0.767629879,-0.224083121,FALSE,FALSE,TRUE
376,1,1,-0.104637401,0.432793366,-0.473673609,1.0060617,FALSE,FALSE,FALSE
377,1,3,-0.565736461,-0.474545196,-0.473673609,-0.502445171,FALSE,FALSE,TRUE
378,0,1,-0.181487244,-0.474545196,2.008933366,3.610064686,TRUE,FALSE,FALSE
379,0,3,-0.719436148,-0.474545196,-0.473673609,-0.567631221,TRUE,FALSE,FALSE
380,0,3,-0.796285991,-0.474545196,-0.473673609,-0.491874461,TRUE,FALSE,TRUE
381,1,1,0.971260405,-0.474545196,-0.473673609,3.932723049,FALSE,FALSE,FALSE
382,1,3,-2.179583171,-0.474545196,2.008933366,-0.331467448,FALSE,FALSE,FALSE
383,0,3,0.202761972,-0.474545196,-0.473673609,-0.488854258,TRUE,FALSE,TRUE
384,1,1,0.433311502,0.432793366,-0.473673609,0.39858208,FALSE,FALSE,TRUE
385,0,3,-0.104637401,-0.474545196,-0.473673609,-0.48944219,TRUE,FALSE,TRUE
386,0,2,-0.873135834,-0.474545196,-0.473673609,0.831477855,TRUE,FALSE,TRUE
387,0,3,-2.179583171,4.062147613,2.008933366,0.295895176,TRUE,FALSE,TRUE
388,1,2,0.510161345,-0.474545196,-0.473673609,-0.38667072,FALSE,FALSE,TRUE
389,0,3,-0.104637401,-0.474545196,-0.473673609,-0.492796629,TRUE,TRUE,FALSE
390,1,2,-0.949985678,-0.474545196,-0.473673609,-0.406805407,FALSE,FALSE,FALSE
391,1,1,0.510161345,0.432793366,2.008933366,1.767740809,TRUE,FALSE,TRUE
392,1,3,-0.642586304,-0.474545196,-0.473673609,-0.491455659,TRUE,FALSE,TRUE
393,0,3,-0.104637401,1.340131928,-0.473673609,-0.488854258,TRUE,FALSE,TRUE
394,1,1,-0.488886618,0.432793366,-0.473673609,1.632335038,FALSE,FALSE,FALSE
395,1,3,-0.412036774,-0.474545196,2.008933366,-0.312172378,FALSE,FALSE,TRUE
396,0,3,-0.565736461,-0.474545196,-0.473673609,-0.491455659,TRUE,FALSE,TRUE
397,0,3,0.125912129,-0.474545196,-0.473673609,-0.490279793,FALSE,FALSE,TRUE
398,0,2,1.278659779,-0.474545196,-0.473673609,-0.124919787,TRUE,FALSE,TRUE
399,0,2,-0.488886618,-0.474545196,-0.473673609,-0.437007438,TRUE,FALSE,TRUE
400,1,2,-0.104637401,-0.474545196,-0.473673609,-0.393717861,FALSE,FALSE,TRUE
401,1,3,0.740710875,-0.474545196,-0.473673609,-0.488854258,TRUE,FALSE,TRUE
402,0,3,-0.258337088,-0.474545196,-0.473673609,-0.486337422,TRUE,FALSE,TRUE
403,0,3,-0.642586304,0.432793366,-0.473673609,-0.450598352,FALSE,FALSE,TRUE
404,0,3,-0.104637401,0.432793366,-0.473673609,-0.329286862,TRUE,FALSE,TRUE
405,0,3,-0.719436148,-0.474545196,-0.473673609,-0.474004926,FALSE,FALSE,TRUE
406,0,2,0.356461659,0.432793366,-0.473673609,-0.225593223,TRUE,FALSE,TRUE
407,0,3,1.662908995,-0.474545196,-0.473673609,-0.492377828,TRUE,FALSE,TRUE
408,1,2,-2.025883484,0.432793366,0.767629879,-0.270896269,TRUE,FALSE,TRUE
409,0,3,-0.642586304,-0.474545196,-0.473673609,-0.491874461,TRUE,FALSE,TRUE
410,0,3,-0.104637401,2.24747049,0.767629879,-0.135657615,FALSE,FALSE,TRUE
411,0,3,-0.104637401,-0.474545196,-0.473673609,-0.48944219,TRUE,FALSE,TRUE
412,0,3,-0.104637401,-0.474545196,-0.473673609,-0.510331928,TRUE,TRUE,FALSE
413,1,1,0.279611815,0.432793366,-0.473673609,1.163700193,FALSE,TRUE,FALSE
414,0,2,-0.104637401,-0.474545196,-0.473673609,-0.648421654,TRUE,FALSE,TRUE
415,1,3,1.124960092,-0.474545196,-0.473673609,-0.488854258,TRUE,FALSE,TRUE
416,0,3,-0.104637401,-0.474545196,-0.473673609,-0.486337422,FALSE,FALSE,TRUE
417,1,2,0.356461659,0.432793366,0.767629879,0.00595568,FALSE,FALSE,TRUE
418,1,2,-0.873135834,-0.474545196,2.008933366,-0.38667072,FALSE,FALSE,TRUE
419,0,2,0.049062285,-0.474545196,-0.473673609,-0.38667072,TRUE,FALSE,TRUE
420,0,3,-1.487934581,-0.474545196,2.008933366,-0.162168958,FALSE,FALSE,TRUE
421,0,3,-0.104637401,-0.474545196,-0.473673609,-0.48944219,TRUE,FALSE,FALSE
422,0,3,-0.642586304,-0.474545196,-0.473673609,-0.492714077,TRUE,TRUE,FALSE
423,0,3,-0.027787558,-0.474545196,-0.473673609,-0.489860992,TRUE,FALSE,TRUE
424,0,3,-0.104637401,0.432793366,0.767629879,-0.358482158,FALSE,FALSE,TRUE
425,0,3,-0.873135834,0.432793366,0.767629879,-0.241449289,TRUE,FALSE,TRUE
426,0,3,-0.104637401,-0.474545196,-0.473673609,-0.502445171,TRUE,FALSE,TRUE
427,1,2,-0.104637401,0.432793366,-0.473673609,-0.124919787,FALSE,FALSE,TRUE
428,1,2,-0.796285991,-0.474545196,-0.473673609,-0.124919787,FALSE,FALSE,TRUE
429,0,3,-0.104637401,-0.474545196,-0.473673609,-0.492377828,TRUE,TRUE,FALSE
430,1,3,0.202761972,-0.474545196,-0.473673609,-0.486337422,TRUE,FALSE,TRUE
431,1,1,-0.104637401,-0.474545196,-0.473673609,-0.113845709,TRUE,FALSE,TRUE
432,1,3,-0.104637401,0.432793366,-0.473673609,-0.32425319,FALSE,FALSE,TRUE
433,1,2,0.971260405,0.432793366,-0.473673609,-0.124919787,FALSE,FALSE,TRUE
434,0,3,-0.949985678,-0.474545196,-0.473673609,-0.504962007,TRUE,FALSE,TRUE
435,0,1,1.586059152,0.432793366,-0.473673609,0.47710736,TRUE,FALSE,TRUE
436,1,1,-1.180535208,0.432793366,2.008933366,1.767740809,FALSE,FALSE,TRUE
437,0,3,-0.642586304,1.340131928,2.008933366,0.043708218,FALSE,FALSE,TRUE
438,1,2,-0.412036774,1.340131928,3.250236854,-0.270896269,FALSE,FALSE,TRUE
440,0,2,0.125912129,-0.474545196,-0.473673609,-0.437007438,TRUE,FALSE,TRUE
441,1,2,1.201809935,0.432793366,0.767629879,-0.119886115,FALSE,FALSE,TRUE
442,0,3,-0.719436148,-0.474545196,-0.473673609,-0.457142125,TRUE,FALSE,TRUE
443,0,3,-0.335186931,0.432793366,-0.473673609,-0.491874461,TRUE,FALSE,TRUE
444,1,2,-0.104637401,-0.474545196,-0.473673609,-0.38667072,FALSE,FALSE,TRUE
445,1,3,-0.104637401,-0.474545196,-0.473673609,-0.485079004,TRUE,FALSE,TRUE
446,1,1,-1.949033641,-0.474545196,2.008933366,0.999769611,TRUE,FALSE,TRUE
447,1,2,-1.257385051,-0.474545196,0.767629879,-0.255795253,FALSE,FALSE,TRUE
448,1,1,0.356461659,-0.474545196,-0.473673609,-0.113845709,TRUE,FALSE,TRUE
449,1,3,-1.872183798,1.340131928,0.767629879,-0.260661807,FALSE,FALSE,FALSE
450,1,1,1.739758839,-0.474545196,-0.473673609,-0.034313694,TRUE,FALSE,TRUE
451,0,2,0.510161345,0.432793366,2.008933366,-0.089684084,TRUE,FALSE,TRUE
452,0,3,-0.104637401,0.432793366,-0.473673609,-0.246398395,TRUE,FALSE,TRUE
453,0,1,0.049062285,-0.474545196,-0.473673609,-0.089684084,TRUE,FALSE,FALSE
454,1,1,1.509209309,0.432793366,-0.473673609,1.14566354,TRUE,FALSE,FALSE
455,0,3,-0.104637401,-0.474545196,-0.473673609,-0.486337422,TRUE,FALSE,TRUE
456,1,3,-0.027787558,-0.474545196,-0.473673609,-0.48944219,TRUE,FALSE,FALSE
457,0,1,2.738806802,-0.474545196,-0.473673609,-0.113845709,TRUE,FALSE,TRUE
458,1,1,-0.104637401,0.432793366,-0.473673609,0.395813561,FALSE,FALSE,TRUE
459,1,2,1.586059152,-0.474545196,-0.473673609,-0.437007438,FALSE,FALSE,TRUE
460,0,3,-0.104637401,-0.474545196,-0.473673609,-0.492377828,TRUE,TRUE,FALSE
461,1,1,1.432359465,-0.474545196,-0.473673609,-0.113845709,TRUE,FALSE,TRUE
462,0,3,0.356461659,-0.474545196,-0.473673609,-0.486337422,TRUE,FALSE,TRUE
463,0,1,1.355509622,-0.474545196,-0.473673609,0.126763803,TRUE,FALSE,TRUE
464,0,2,1.432359465,-0.474545196,-0.473673609,-0.38667072,TRUE,FALSE,TRUE
465,0,3,-0.104637401,-0.474545196,-0.473673609,-0.486337422,TRUE,FALSE,TRUE
466,0,3,0.663861032,-0.474545196,-0.473673609,-0.506472109,TRUE,FALSE,TRUE
467,0,2,-0.104637401,-0.474545196,-0.473673609,-0.648421654,TRUE,FALSE,TRUE
468,0,1,2.047158212,-0.474545196,-0.473673609,-0.113845709,TRUE,FALSE,TRUE
469,0,3,-0.104637401,-0.474545196,-0.473673609,-0.492881195,TRUE,TRUE,FALSE
470,1,3,-2.198795632,1.340131928,0.767629879,-0.260661807,FALSE,FALSE,FALSE
471,0,3,-0.104637401,-0.474545196,-0.473673609,-0.502445171,TRUE,FALSE,TRUE
472,0,3,0.663861032,-0.474545196,-0.473673609,-0.474004926,TRUE,FALSE,TRUE
473,1,2,0.279611815,0.432793366,2.008933366,-0.089684084,FALSE,FALSE,TRUE
474,1,2,-0.488886618,-0.474545196,-0.473673609,-0.370730088,FALSE,FALSE,FALSE
475,0,3,-0.565736461,-0.474545196,-0.473673609,-0.450346668,FALSE,FALSE,TRUE
476,0,1,-0.104637401,-0.474545196,-0.473673609,0.39858208,TRUE,FALSE,TRUE
477,0,2,0.356461659,0.432793366,-0.473673609,-0.225593223,TRUE,FALSE,TRUE
478,0,3,-0.027787558,0.432793366,-0.473673609,-0.506556675,TRUE,FALSE,TRUE
479,0,3,-0.565736461,-0.474545196,-0.473673609,-0.496992698,TRUE,FALSE,TRUE
480,1,3,-2.102733328,-0.474545196,0.767629879,-0.401016685,FALSE,FALSE,TRUE
481,0,3,-1.564784424,4.062147613,2.008933366,0.295895176,TRUE,FALSE,TRUE
482,0,2,-0.104637401,-0.474545196,-0.473673609,-0.648421654,TRUE,FALSE,TRUE
483,0,3,1.586059152,-0.474545196,-0.473673609,-0.486337422,TRUE,FALSE,TRUE
484,1,3,2.585107115,-0.474545196,-0.473673609,-0.45538034,FALSE,FALSE,TRUE
485,1,1,-0.335186931,0.432793366,-0.473673609,1.185429548,TRUE,FALSE,FALSE
486,0,3,-0.104637401,2.24747049,0.767629879,-0.135657615,FALSE,FALSE,TRUE
487,1,1,0.433311502,0.432793366,-0.473673609,1.163700193,FALSE,FALSE,TRUE
488,0,1,2.200857898,-0.474545196,-0.473673609,-0.050421444,TRUE,FALSE,FALSE
489,0,3,0.049062285,-0.474545196,-0.473673609,-0.486337422,TRUE,FALSE,TRUE
490,1,3,-1.564784424,0.432793366,0.767629879,-0.328280127,TRUE,FALSE,TRUE
491,0,3,-0.104637401,0.432793366,-0.473673609,-0.246398395,TRUE,FALSE,TRUE
492,0,3,-0.642586304,-0.474545196,-0.473673609,-0.502445171,TRUE,FALSE,TRUE
493,0,1,1.970308369,-0.474545196,-0.473673609,-0.034313694,TRUE,FALSE,TRUE
494,0,1,3.199905862,-0.474545196,-0.473673609,0.348329928,TRUE,FALSE,FALSE
495,0,3,-0.642586304,-0.474545196,-0.473673609,-0.486337422,TRUE,FALSE,TRUE
496,0,3,-0.104637401,-0.474545196,-0.473673609,-0.357308306,TRUE,FALSE,FALSE
497,1,1,1.893458525,0.432793366,-0.473673609,0.927453868,FALSE,FALSE,FALSE
498,0,3,-0.104637401,-0.474545196,-0.473673609,-0.344387877,TRUE,FALSE,TRUE
499,0,1,-0.335186931,0.432793366,2.008933366,2.40299019,FALSE,FALSE,TRUE
500,0,3,-0.412036774,-0.474545196,-0.473673609,-0.491455659,TRUE,FALSE,TRUE
501,0,3,-0.949985678,-0.474545196,-0.473673609,-0.474004926,TRUE,FALSE,TRUE
502,0,3,-0.642586304,-0.474545196,-0.473673609,-0.492377828,FALSE,TRUE,FALSE
503,0,3,-0.104637401,-0.474545196,-0.473673609,-0.494810098,FALSE,TRUE,FALSE
504,0,3,0.587011189,-0.474545196,-0.473673609,-0.45538034,FALSE,FALSE,TRUE
505,1,1,-1.026835521,-0.474545196,-0.473673609,1.093228788,FALSE,FALSE,TRUE
506,0,1,-0.873135834,0.432793366,-0.473673609,1.544245781,TRUE,FALSE,FALSE
507,1,2,0.279611815,-0.474545196,2.008933366,-0.124919787,FALSE,FALSE,TRUE
508,1,1,-0.104637401,-0.474545196,-0.473673609,-0.113845709,TRUE,FALSE,TRUE
509,0,3,-0.104637401,-0.474545196,-0.473673609,-0.194887825,TRUE,FALSE,TRUE
510,1,3,-0.258337088,-0.474545196,-0.473673609,0.489103607,TRUE,FALSE,TRUE
511,1,3,-0.027787558,-0.474545196,-0.473673609,-0.492377828,TRUE,TRUE,FALSE
512,0,3,-0.104637401,-0.474545196,-0.473673609,-0.486337422,TRUE,FALSE,TRUE
513,1,1,0.510161345,-0.474545196,-0.473673609,-0.119131064,TRUE,FALSE,TRUE
514,1,1,1.893458525,0.432793366,-0.473673609,0.547578765,FALSE,FALSE,FALSE
515,0,3,-0.412036774,-0.474545196,-0.473673609,-0.497496065,TRUE,FALSE,TRUE
516,0,1,1.355509622,-0.474545196,-0.473673609,0.036576512,TRUE,FALSE,TRUE
517,1,2,0.356461659,-0.474545196,-0.473673609,-0.437007438,FALSE,FALSE,TRUE
518,0,3,-0.104637401,-0.474545196,-0.473673609,-0.162168958,TRUE,TRUE,FALSE
519,1,2,0.510161345,0.432793366,-0.473673609,-0.124919787,FALSE,FALSE,TRUE
520,0,3,0.202761972,-0.474545196,-0.473673609,-0.48944219,TRUE,FALSE,TRUE
521,1,1,0.049062285,-0.474545196,-0.473673609,1.234171598,FALSE,FALSE,TRUE
522,0,3,-0.565736461,-0.474545196,-0.473673609,-0.48944219,TRUE,FALSE,TRUE
523,0,3,-0.104637401,-0.474545196,-0.473673609,-0.502948539,TRUE,FALSE,FALSE
524,1,1,1.124960092,-0.474545196,0.767629879,0.518971402,FALSE,FALSE,FALSE
525,0,3,-0.104637401,-0.474545196,-0.473673609,-0.502863973,TRUE,FALSE,FALSE
526,0,3,0.85598564,-0.474545196,-0.473673609,-0.492377828,TRUE,TRUE,FALSE
527,1,2,1.586059152,-0.474545196,-0.473673609,-0.437007438,FALSE,FALSE,TRUE
528,0,1,-0.104637401,-0.474545196,-0.473673609,3.817033163,TRUE,FALSE,TRUE
529,0,3,0.740710875,-0.474545196,-0.473673609,-0.488854258,TRUE,FALSE,TRUE
530,0,2,-0.488886618,1.340131928,0.767629879,-0.416872751,TRUE,FALSE,TRUE
531,1,2,-2.102733328,0.432793366,0.767629879,-0.124919787,FALSE,FALSE,TRUE
532,0,3,-0.104637401,-0.474545196,-0.473673609,-0.502863973,TRUE,FALSE,FALSE
533,0,3,-0.949985678,0.432793366,0.767629879,-0.502863973,TRUE,FALSE,FALSE
534,1,3,-0.104637401,-0.474545196,2.008933366,-0.198244277,FALSE,FALSE,FALSE
535,0,3,0.049062285,-0.474545196,-0.473673609,-0.474004926,FALSE,FALSE,TRUE
536,1,2,-1.718484111,-0.474545196,2.008933366,-0.119886115,FALSE,FALSE,TRUE
537,0,1,1.201809935,-0.474545196,-0.473673609,-0.113845709,TRUE,FALSE,TRUE
538,1,1,0.049062285,-0.474545196,-0.473673609,1.49441243,FALSE,FALSE,FALSE
539,0,3,-0.104637401,-0.474545196,-0.473673609,-0.356468689,TRUE,FALSE,TRUE
540,1,1,-0.565736461,-0.474545196,2.008933366,0.348245362,FALSE,FALSE,FALSE
541,1,1,0.510161345,-0.474545196,2.008933366,0.781141137,FALSE,FALSE,TRUE
542,0,3,-1.564784424,3.154809051,2.008933366,-0.018709312,FALSE,FALSE,TRUE
543,0,3,-1.411084738,3.154809051,2.008933366,-0.018709312,FALSE,FALSE,TRUE
544,1,2,0.202761972,0.432793366,-0.473673609,-0.124919787,TRUE,FALSE,TRUE
545,0,1,1.586059152,0.432793366,-0.473673609,1.49441243,TRUE,FALSE,FALSE
546,0,1,2.661956958,-0.474545196,-0.473673609,-0.124919787,TRUE,FALSE,TRUE
547,1,2,-0.796285991,0.432793366,-0.473673609,-0.124919787,FALSE,FALSE,TRUE
548,1,2,-0.104637401,-0.474545196,-0.473673609,-0.369304552,TRUE,FALSE,FALSE
549,0,3,0.279611815,0.432793366,0.767629879,-0.235157199,TRUE,FALSE,TRUE
550,1,2,-1.641634268,0.432793366,0.767629879,0.091528101,TRUE,FALSE,TRUE
551,1,1,-0.949985678,-0.474545196,2.008933366,1.584178906,TRUE,FALSE,FALSE
552,0,2,-0.181487244,-0.474545196,-0.473673609,-0.124919787,TRUE,FALSE,TRUE
553,0,3,-0.104637401,-0.474545196,-0.473673609,-0.490783161,TRUE,TRUE,FALSE
554,1,3,-0.565736461,-0.474545196,-0.473673609,-0.502948539,TRUE,FALSE,FALSE
555,1,3,-0.565736461,-0.474545196,-0.473673609,-0.491874461,FALSE,FALSE,TRUE
556,0,1,2.508257272,-0.474545196,-0.473673609,-0.113845709,TRUE,FALSE,TRUE
557,1,1,1.432359465,0.432793366,-0.473673609,0.148911959,FALSE,FALSE,FALSE
558,0,1,-0.104637401,-0.474545196,-0.473673609,3.932723049,TRUE,FALSE,FALSE
559,1,1,0.740710875,0.432793366,0.767629879,0.955306181,FALSE,FALSE,TRUE
560,1,3,0.510161345,0.432793366,-0.473673609,-0.298078096,FALSE,FALSE,TRUE
561,0,3,-0.104637401,-0.474545196,-0.473673609,-0.492377828,TRUE,TRUE,FALSE
562,0,3,0.817560719,-0.474545196,-0.473673609,-0.48944219,TRUE,FALSE,TRUE
563,0,2,-0.104637401,-0.474545196,-0.473673609,-0.376603377,TRUE,FALSE,TRUE
564,0,3,-0.104637401,-0.474545196,-0.473673609,-0.486337422,TRUE,FALSE,TRUE
565,0,3,-0.104637401,-0.474545196,-0.473673609,-0.486337422,FALSE,FALSE,TRUE
566,0,3,-0.412036774,1.340131928,-0.473673609,-0.162168958,TRUE,FALSE,TRUE
567,0,3,-0.796285991,-0.474545196,-0.473673609,-0.48944219,TRUE,FALSE,TRUE
568,0,3,-0.027787558,-0.474545196,4.491540342,-0.224083121,FALSE,FALSE,TRUE
569,0,3,-0.104637401,-0.474545196,-0.473673609,-0.502863973,TRUE,FALSE,FALSE
570,1,3,0.202761972,-0.474545196,-0.473673609,-0.490279793,TRUE,FALSE,TRUE
571,1,2,2.508257272,-0.474545196,-0.473673609,-0.437007438,TRUE,FALSE,TRUE
572,1,1,1.816608682,1.340131928,-0.473673609,0.388095935,FALSE,FALSE,TRUE
573,1,1,0.510161345,-0.474545196,-0.473673609,-0.117117595,TRUE,FALSE,TRUE
574,1,3,-0.104637401,-0.474545196,-0.473673609,-0.492377828,FALSE,TRUE,FALSE
575,0,3,-1.026835521,-0.474545196,-0.473673609,-0.486337422,TRUE,FALSE,TRUE
576,0,3,-0.796285991,-0.474545196,-0.473673609,-0.356468689,TRUE,FALSE,TRUE
577,1,2,0.356461659,-0.474545196,-0.473673609,-0.38667072,FALSE,FALSE,TRUE
578,1,1,0.740710875,0.432793366,-0.473673609,0.47710736,FALSE,FALSE,TRUE
579,0,3,-0.104637401,0.432793366,-0.473673609,-0.357308306,FALSE,FALSE,FALSE
580,1,3,0.202761972,-0.474545196,-0.473673609,-0.488854258,TRUE,FALSE,TRUE
581,1,2,-0.335186931,0.432793366,0.767629879,-0.044381038,FALSE,FALSE,TRUE
582,1,1,0.740710875,0.432793366,0.767629879,1.584178906,FALSE,FALSE,FALSE
583,0,2,1.893458525,-0.474545196,-0.473673609,-0.124919787,TRUE,FALSE,TRUE
584,0,1,0.510161345,-0.474545196,-0.473673609,0.15948267,TRUE,FALSE,FALSE
585,0,3,-0.104637401,-0.474545196,-0.473673609,-0.472998191,TRUE,FALSE,FALSE
586,1,1,-0.873135834,-0.474545196,2.008933366,0.955306181,FALSE,FALSE,TRUE
587,0,2,1.355509622,-0.474545196,-0.473673609,-0.346401346,TRUE,FALSE,TRUE
588,1,1,2.354557585,0.432793366,0.767629879,0.946245572,TRUE,FALSE,FALSE
589,0,3,-0.565736461,-0.474545196,-0.473673609,-0.486337422,TRUE,FALSE,TRUE
590,0,3,-0.104637401,-0.474545196,-0.473673609,-0.486337422,TRUE,FALSE,TRUE
591,0,3,0.433311502,-0.474545196,-0.473673609,-0.504962007,TRUE,FALSE,TRUE
592,1,1,1.739758839,0.432793366,-0.473673609,0.927453868,FALSE,FALSE,FALSE
593,0,3,1.355509622,-0.474545196,-0.473673609,-0.502445171,TRUE,FALSE,TRUE
594,0,3,-0.104637401,-0.474545196,2.008933366,-0.492377828,FALSE,TRUE,FALSE
595,0,2,0.587011189,0.432793366,-0.473673609,-0.124919787,TRUE,FALSE,TRUE
596,0,3,0.510161345,0.432793366,0.767629879,-0.162168958,TRUE,FALSE,TRUE
597,1,2,-0.104637401,-0.474545196,-0.473673609,0.016023024,FALSE,FALSE,TRUE
598,0,3,1.509209309,-0.474545196,-0.473673609,-0.648421654,TRUE,FALSE,TRUE
599,0,3,-0.104637401,-0.474545196,-0.473673609,-0.502948539,TRUE,FALSE,FALSE
600,1,1,1.509209309,0.432793366,-0.473673609,0.49782998,TRUE,FALSE,FALSE
601,1,2,-0.412036774,1.340131928,0.767629879,-0.1047851,FALSE,FALSE,TRUE
602,0,3,-0.104637401,-0.474545196,-0.473673609,-0.48944219,TRUE,FALSE,TRUE
603,0,1,-0.104637401,-0.474545196,-0.473673609,0.205289083,TRUE,FALSE,TRUE
604,0,3,1.124960092,-0.474545196,-0.473673609,-0.486337422,TRUE,FALSE,TRUE
605,1,1,0.433311502,-0.474545196,-0.473673609,-0.113845709,TRUE,FALSE,FALSE
606,0,3,0.510161345,0.432793366,-0.473673609,-0.335327268,TRUE,FALSE,TRUE
607,0,3,0.049062285,-0.474545196,-0.473673609,-0.48944219,TRUE,FALSE,TRUE
608,1,1,-0.181487244,-0.474545196,-0.473673609,-0.034313694,TRUE,FALSE,TRUE
609,1,2,-0.565736461,0.432793366,2.008933366,0.188762532,FALSE,FALSE,FALSE
610,1,1,0.817560719,-0.474545196,-0.473673609,2.441497779,FALSE,FALSE,TRUE
611,0,3,0.740710875,0.432793366,5.73284383,-0.018709312,FALSE,FALSE,TRUE
612,0,3,-0.104637401,-0.474545196,-0.473673609,-0.506472109,TRUE,FALSE,TRUE
613,1,3,-0.104637401,0.432793366,-0.473673609,-0.336334002,FALSE,TRUE,FALSE
614,0,3,-0.104637401,-0.474545196,-0.473673609,-0.492377828,TRUE,TRUE,FALSE
615,0,3,0.433311502,-0.474545196,-0.473673609,-0.486337422,TRUE,FALSE,TRUE
616,1,2,-0.412036774,0.432793366,2.008933366,0.660333014,FALSE,FALSE,TRUE
617,0,3,0.356461659,0.432793366,0.767629879,-0.358482158,TRUE,FALSE,TRUE
618,0,3,-0.258337088,0.432793366,-0.473673609,-0.32425319,FALSE,FALSE,TRUE
619,1,2,-1.949033641,1.340131928,0.767629879,0.136831147,FALSE,FALSE,TRUE
620,0,2,-0.258337088,-0.474545196,-0.473673609,-0.437007438,TRUE,FALSE,TRUE
621,0,3,-0.181487244,0.432793366,-0.473673609,-0.357390858,TRUE,FALSE,FALSE
622,1,1,0.971260405,0.432793366,-0.473673609,0.409740724,TRUE,FALSE,TRUE
623,1,3,-0.719436148,0.432793366,0.767629879,-0.331467448,TRUE,FALSE,FALSE
624,0,3,-0.642586304,-0.474545196,-0.473673609,-0.490279793,TRUE,FALSE,TRUE
625,0,3,-0.642586304,-0.474545196,-0.473673609,-0.32425319,TRUE,FALSE,TRUE
626,0,1,2.431407428,-0.474545196,-0.473673609,0.002347544,TRUE,FALSE,TRUE
627,0,2,2.124008055,-0.474545196,-0.473673609,-0.399758267,TRUE,TRUE,FALSE
628,1,1,-0.642586304,-0.474545196,-0.473673609,0.921244331,FALSE,FALSE,TRUE
629,0,3,-0.258337088,-0.474545196,-0.473673609,-0.48944219,TRUE,FALSE,TRUE
630,0,3,-0.104637401,-0.474545196,-0.473673609,-0.492714077,TRUE,TRUE,FALSE
631,1,1,3.891554452,-0.474545196,-0.473673609,-0.044381038,TRUE,FALSE,TRUE
632,0,3,1.662908995,-0.474545196,-0.473673609,-0.506387543,TRUE,FALSE,TRUE
633,1,1,0.202761972,-0.474545196,-0.473673609,-0.034313694,TRUE,FALSE,FALSE
634,0,1,-0.104637401,-0.474545196,-0.473673609,-0.648421654,TRUE,FALSE,TRUE
635,0,3,-1.564784424,2.24747049,2.008933366,-0.086663881,FALSE,FALSE,TRUE
636,1,2,-0.104637401,-0.474545196,-0.473673609,-0.38667072,FALSE,FALSE,TRUE
637,0,3,0.202761972,-0.474545196,-0.473673609,-0.488854258,TRUE,FALSE,TRUE
638,0,2,0.125912129,0.432793366,0.767629879,-0.119886115,TRUE,FALSE,TRUE
639,0,3,0.894410562,-0.474545196,5.73284383,0.150673744,FALSE,FALSE,TRUE
640,0,3,-0.104637401,0.432793366,-0.473673609,-0.32425319,TRUE,FALSE,TRUE
641,0,3,-0.719436148,-0.474545196,-0.473673609,-0.490279793,TRUE,FALSE,TRUE
642,1,1,-0.412036774,-0.474545196,-0.473673609,0.746912168,FALSE,FALSE,FALSE
643,0,3,-2.102733328,2.24747049,2.008933366,-0.086663881,FALSE,FALSE,TRUE
644,1,3,-0.104637401,-0.474545196,-0.473673609,0.489103607,TRUE,FALSE,TRUE
645,1,3,-2.198795632,1.340131928,0.767629879,-0.260661807,FALSE,FALSE,FALSE
646,1,1,1.432359465,0.432793366,-0.473673609,0.896496787,TRUE,FALSE,FALSE
647,0,3,-0.796285991,-0.474545196,-0.473673609,-0.48944219,TRUE,FALSE,TRUE
648,1,1,2.047158212,-0.474545196,-0.473673609,0.066359742,TRUE,FALSE,FALSE
649,0,3,-0.104637401,-0.474545196,-0.473673609,-0.496404765,TRUE,FALSE,TRUE
650,1,3,-0.488886618,-0.474545196,-0.473673609,-0.496404765,FALSE,FALSE,TRUE
651,0,3,-0.104637401,-0.474545196,-0.473673609,-0.48944219,TRUE,FALSE,TRUE
652,1,2,-0.873135834,-0.474545196,0.767629879,-0.185323848,FALSE,FALSE,TRUE
653,0,3,-0.642586304,-0.474545196,-0.473673609,-0.478619796,TRUE,FALSE,TRUE
654,1,3,-0.104637401,-0.474545196,-0.473673609,-0.490783161,FALSE,TRUE,FALSE
655,0,3,-0.873135834,-0.474545196,-0.473673609,-0.512512515,FALSE,TRUE,FALSE
656,0,2,-0.412036774,1.340131928,-0.473673609,0.831477855,TRUE,FALSE,TRUE
657,0,3,-0.104637401,-0.474545196,-0.473673609,-0.48944219,TRUE,FALSE,TRUE
658,0,3,0.202761972,0.432793366,0.767629879,-0.336334002,FALSE,TRUE,FALSE
659,0,2,-0.488886618,-0.474545196,-0.473673609,-0.38667072,TRUE,FALSE,TRUE
660,0,1,2.200857898,-0.474545196,2.008933366,1.632335038,TRUE,FALSE,FALSE
661,1,1,1.586059152,1.340131928,-0.473673609,2.042579289,TRUE,FALSE,TRUE
662,0,3,0.817560719,-0.474545196,-0.473673609,-0.502948539,TRUE,FALSE,FALSE
663,0,1,1.355509622,-0.474545196,-0.473673609,-0.133225345,TRUE,FALSE,TRUE
664,0,3,0.510161345,-0.474545196,-0.473673609,-0.497496065,TRUE,FALSE,TRUE
665,1,3,-0.719436148,0.432793366,-0.473673609,-0.488854258,TRUE,FALSE,TRUE
666,0,2,0.202761972,1.340131928,-0.473673609,0.831477855,TRUE,FALSE,TRUE
667,0,2,-0.335186931,-0.474545196,-0.473673609,-0.38667072,TRUE,FALSE,TRUE
668,0,3,-0.104637401,-0.474545196,-0.473673609,-0.491874461,TRUE,FALSE,TRUE
669,0,3,1.048110249,-0.474545196,-0.473673609,-0.486337422,TRUE,FALSE,TRUE
670,1,1,-0.104637401,0.432793366,-0.473673609,0.39858208,FALSE,FALSE,TRUE
671,1,2,0.817560719,0.432793366,0.767629879,0.136831147,FALSE,FALSE,TRUE
672,0,1,0.125912129,0.432793366,-0.473673609,0.39858208,TRUE,FALSE,TRUE
673,0,2,3.123056018,-0.474545196,-0.473673609,-0.437007438,TRUE,FALSE,TRUE
674,1,2,0.125912129,-0.474545196,-0.473673609,-0.38667072,TRUE,FALSE,TRUE
675,0,2,-0.104637401,-0.474545196,-0.473673609,-0.648421654,TRUE,FALSE,TRUE
676,0,3,-0.873135834,-0.474545196,-0.473673609,-0.491874461,TRUE,FALSE,TRUE
677,0,3,-0.373611853,-0.474545196,-0.473673609,-0.486337422,TRUE,FALSE,TRUE
678,1,3,-0.873135834,-0.474545196,-0.473673609,-0.450262103,FALSE,FALSE,TRUE
679,0,3,1.048110249,0.432793366,6.974147318,0.295895176,FALSE,FALSE,TRUE
681,0,3,-0.104637401,-0.474545196,-0.473673609,-0.484575637,FALSE,TRUE,FALSE
682,1,1,-0.181487244,-0.474545196,-0.473673609,0.896496787,TRUE,FALSE,FALSE
683,0,3,-0.719436148,-0.474545196,-0.473673609,-0.462679164,TRUE,FALSE,TRUE
684,0,3,-1.180535208,4.062147613,2.008933366,0.295895176,TRUE,FALSE,TRUE
685,0,2,2.354557585,0.432793366,0.767629879,0.136831147,TRUE,FALSE,TRUE
686,0,2,-0.335186931,0.432793366,2.008933366,0.188762532,TRUE,FALSE,FALSE
687,0,3,-1.180535208,3.154809051,0.767629879,0.150673744,TRUE,FALSE,TRUE
688,0,3,-0.796285991,-0.474545196,-0.473673609,-0.443635777,TRUE,FALSE,TRUE
689,0,3,-0.873135834,-0.474545196,-0.473673609,-0.491455659,TRUE,FALSE,TRUE
690,1,1,-1.103685364,-0.474545196,0.767629879,3.6067928,FALSE,FALSE,TRUE
691,1,1,0.125912129,0.432793366,-0.473673609,0.499255516,TRUE,FALSE,TRUE
692,1,3,-1.949033641,-0.474545196,0.767629879,-0.378280596,FALSE,FALSE,FALSE
693,1,3,-0.104637401,-0.474545196,-0.473673609,0.489103607,TRUE,FALSE,TRUE
694,0,3,-0.335186931,-0.474545196,-0.473673609,-0.502948539,TRUE,FALSE,FALSE
695,0,1,2.354557585,-0.474545196,-0.473673609,-0.113845709,TRUE,FALSE,TRUE
696,0,2,1.739758839,-0.474545196,-0.473673609,-0.376603377,TRUE,FALSE,TRUE
697,0,3,1.124960092,-0.474545196,-0.473673609,-0.486337422,TRUE,FALSE,TRUE
698,1,3,-0.104637401,-0.474545196,-0.473673609,-0.492714077,FALSE,TRUE,FALSE
699,0,1,1.509209309,0.432793366,0.767629879,1.584178906,TRUE,FALSE,FALSE
700,0,3,0.971260405,-0.474545196,-0.473673609,-0.494391297,TRUE,FALSE,TRUE
701,1,1,-0.873135834,0.432793366,-0.473673609,3.932723049,FALSE,FALSE,FALSE
702,1,1,0.433311502,-0.474545196,-0.473673609,-0.119131064,TRUE,FALSE,TRUE
703,0,3,-0.873135834,-0.474545196,0.767629879,-0.357390858,FALSE,FALSE,FALSE
704,0,3,-0.335186931,-0.474545196,-0.473673609,-0.492544946,TRUE,TRUE,FALSE
705,0,3,-0.258337088,0.432793366,-0.473673609,-0.490279793,TRUE,FALSE,TRUE
706,0,2,0.740710875,-0.474545196,-0.473673609,-0.124919787,TRUE,FALSE,TRUE
707,1,2,1.201809935,-0.474545196,-0.473673609,-0.376603377,FALSE,FALSE,TRUE
708,1,1,0.971260405,-0.474545196,-0.473673609,-0.119131064,TRUE,FALSE,TRUE
709,1,1,-0.565736461,-0.474545196,-0.473673609,2.40299019,FALSE,FALSE,TRUE
710,1,3,-0.104637401,0.432793366,0.767629879,-0.34145224,TRUE,FALSE,FALSE
711,1,1,-0.412036774,-0.474545196,-0.473673609,0.348329928,FALSE,FALSE,FALSE
712,0,1,-0.104637401,-0.474545196,-0.473673609,-0.113845709,TRUE,FALSE,TRUE
713,1,1,1.432359465,0.432793366,-0.473673609,0.39858208,TRUE,FALSE,TRUE
714,0,3,-0.027787558,-0.474545196,-0.473673609,-0.457478375,TRUE,FALSE,TRUE
715,0,2,1.739758839,-0.474545196,-0.473673609,-0.38667072,TRUE,FALSE,TRUE
716,0,3,-0.796285991,-0.474545196,-0.473673609,-0.494391297,TRUE,FALSE,TRUE
717,1,1,0.663861032,-0.474545196,-0.473673609,3.932723049,FALSE,FALSE,FALSE
718,1,2,-0.181487244,-0.474545196,-0.473673609,-0.437007438,FALSE,FALSE,TRUE
719,0,3,-0.104637401,-0.474545196,-0.473673609,-0.336334002,TRUE,TRUE,FALSE
720,0,3,0.279611815,-0.474545196,-0.473673609,-0.491874461,TRUE,FALSE,TRUE
721,1,2,-1.795333954,-0.474545196,0.767629879,0.016023024,FALSE,FALSE,TRUE
722,0,3,-0.949985678,0.432793366,-0.473673609,-0.506387543,TRUE,FALSE,TRUE
723,0,2,0.356461659,-0.474545196,-0.473673609,-0.38667072,TRUE,FALSE,TRUE
724,0,2,1.586059152,-0.474545196,-0.473673609,-0.38667072,TRUE,FALSE,TRUE
725,1,1,-0.181487244,0.432793366,-0.473673609,0.420730236,TRUE,FALSE,TRUE
726,0,3,-0.719436148,-0.474545196,-0.473673609,-0.474004926,TRUE,FALSE,TRUE
727,1,2,0.049062285,2.24747049,-0.473673609,-0.225593223,FALSE,FALSE,TRUE
728,1,3,-0.104637401,-0.474545196,-0.473673609,-0.492629511,FALSE,TRUE,FALSE
729,0,2,-0.335186931,0.432793366,-0.473673609,-0.124919787,TRUE,FALSE,TRUE
730,0,3,-0.335186931,0.432793366,-0.473673609,-0.488854258,FALSE,FALSE,TRUE
731,1,1,-0.027787558,-0.474545196,-0.473673609,3.6067928,FALSE,FALSE,TRUE
732,0,3,-1.411084738,-0.474545196,-0.473673609,-0.270141218,TRUE,FALSE,FALSE
733,0,2,-0.104637401,-0.474545196,-0.473673609,-0.648421654,TRUE,FALSE,TRUE
734,0,2,-0.488886618,-0.474545196,-0.473673609,-0.38667072,TRUE,FALSE,TRUE
735,0,2,-0.488886618,-0.474545196,-0.473673609,-0.38667072,TRUE,FALSE,TRUE
736,0,3,-0.066212479,-0.474545196,-0.473673609,-0.32425319,TRUE,FALSE,TRUE
737,0,3,1.432359465,0.432793366,3.250236854,0.043708218,FALSE,FALSE,TRUE
739,0,3,-0.104637401,-0.474545196,-0.473673609,-0.48944219,TRUE,FALSE,TRUE
740,0,3,-0.104637401,-0.474545196,-0.473673609,-0.48944219,TRUE,FALSE,TRUE
741,1,1,-0.104637401,-0.474545196,-0.473673609,-0.044381038,TRUE,FALSE,TRUE
742,0,1,0.510161345,0.432793366,-0.473673609,0.939198431,TRUE,FALSE,TRUE
744,0,3,-0.412036774,0.432793366,-0.473673609,-0.32425319,TRUE,FALSE,TRUE
745,1,3,0.125912129,-0.474545196,-0.473673609,-0.488854258,TRUE,FALSE,TRUE
746,0,1,3.123056018,0.432793366,0.767629879,0.781141137,TRUE,FALSE,TRUE
747,0,3,-1.026835521,0.432793366,0.767629879,-0.240694238,TRUE,FALSE,TRUE
748,1,2,0.049062285,-0.474545196,-0.473673609,-0.38667072,FALSE,FALSE,TRUE
749,0,1,-0.796285991,0.432793366,-0.473673609,0.420730236,TRUE,FALSE,TRUE
750,0,3,0.125912129,-0.474545196,-0.473673609,-0.492377828,TRUE,TRUE,FALSE
751,1,2,-1.949033641,0.432793366,0.767629879,-0.185323848,FALSE,FALSE,TRUE
752,1,3,-1.795333954,-0.474545196,0.767629879,-0.397241431,TRUE,FALSE,TRUE
753,0,3,0.279611815,-0.474545196,-0.473673609,-0.457142125,TRUE,FALSE,TRUE
754,0,3,-0.488886618,-0.474545196,-0.473673609,-0.48944219,TRUE,FALSE,TRUE
755,1,2,1.432359465,0.432793366,2.008933366,0.660333014,FALSE,FALSE,TRUE
756,1,2,-2.204943619,0.432793366,0.767629879,-0.356468689,TRUE,FALSE,TRUE
757,0,3,-0.104637401,-0.474545196,-0.473673609,-0.491455659,TRUE,FALSE,TRUE
758,0,2,-0.873135834,-0.474545196,-0.473673609,-0.416872751,TRUE,FALSE,TRUE
759,0,3,0.356461659,-0.474545196,-0.473673609,-0.486337422,TRUE,FALSE,TRUE
760,1,1,0.279611815,-0.474545196,-0.473673609,1.093228788,FALSE,FALSE,TRUE
761,0,3,-0.104637401,-0.474545196,-0.473673609,-0.356468689,TRUE,FALSE,TRUE
762,0,3,0.894410562,-0.474545196,-0.473673609,-0.504962007,TRUE,FALSE,TRUE
763,1,3,-0.719436148,-0.474545196,-0.473673609,-0.502863973,TRUE,FALSE,FALSE
764,1,1,0.510161345,0.432793366,2.008933366,1.767740809,FALSE,FALSE,TRUE
765,0,3,-1.026835521,-0.474545196,-0.473673609,-0.491874461,TRUE,FALSE,TRUE
766,1,1,1.662908995,0.432793366,-0.473673609,0.921244331,FALSE,FALSE,TRUE
767,0,1,-0.104637401,-0.474545196,-0.473673609,0.148911959,TRUE,FALSE,FALSE
768,0,3,0.087487207,-0.474545196,-0.473673609,-0.492377828,FALSE,TRUE,FALSE
769,0,3,-0.104637401,0.432793366,-0.473673609,-0.162168958,TRUE,TRUE,FALSE
770,0,3,0.202761972,-0.474545196,-0.473673609,-0.480045332,TRUE,FALSE,TRUE
771,0,3,-0.412036774,-0.474545196,-0.473673609,-0.457142125,TRUE,FALSE,TRUE
772,0,3,1.432359465,-0.474545196,-0.473673609,-0.490279793,TRUE,FALSE,TRUE
773,0,2,2.124008055,-0.474545196,-0.473673609,-0.437007438,FALSE,FALSE,TRUE
774,0,3,-0.104637401,-0.474545196,-0.473673609,-0.502948539,TRUE,FALSE,FALSE
775,1,2,1.893458525,0.432793366,3.250236854,-0.185323848,FALSE,FALSE,TRUE
776,0,3,-0.873135834,-0.474545196,-0.473673609,-0.492377828,TRUE,FALSE,TRUE
777,0,3,-0.104637401,-0.474545196,-0.473673609,-0.492377828,TRUE,TRUE,FALSE
778,1,3,-1.872183798,-0.474545196,-0.473673609,-0.397241431,FALSE,FALSE,TRUE
779,0,3,-0.104637401,-0.474545196,-0.473673609,-0.492629511,TRUE,TRUE,FALSE
780,1,1,1.048110249,-0.474545196,0.767629879,3.6067928,FALSE,FALSE,TRUE
781,1,3,-1.257385051,-0.474545196,-0.473673609,-0.502863973,FALSE,FALSE,FALSE
782,1,1,-0.949985678,0.432793366,-0.473673609,0.499255516,FALSE,FALSE,TRUE
783,0,1,-0.027787558,-0.474545196,-0.473673609,-0.044381038,TRUE,FALSE,TRUE
784,0,3,-0.104637401,0.432793366,2.008933366,-0.176263239,TRUE,FALSE,TRUE
785,0,3,-0.335186931,-0.474545196,-0.473673609,-0.506472109,TRUE,FALSE,TRUE
786,0,3,-0.335186931,-0.474545196,-0.473673609,-0.502445171,TRUE,FALSE,TRUE
787,1,3,-0.873135834,-0.474545196,-0.473673609,-0.497496065,FALSE,FALSE,TRUE
788,0,3,-1.641634268,3.154809051,0.767629879,-0.061998889,TRUE,TRUE,FALSE
789,1,3,-2.179583171,0.432793366,2.008933366,-0.234150465,TRUE,FALSE,TRUE
790,0,1,1.278659779,-0.474545196,-0.473673609,0.946245572,TRUE,FALSE,FALSE
791,0,3,-0.104637401,-0.474545196,-0.473673609,-0.492377828,TRUE,TRUE,FALSE
792,0,2,-1.026835521,-0.474545196,-0.473673609,-0.124919787,TRUE,FALSE,TRUE
793,0,3,-0.104637401,6.784163299,2.008933366,0.75194584,FALSE,FALSE,TRUE
794,0,1,-0.104637401,-0.474545196,-0.473673609,-0.030371323,TRUE,FALSE,FALSE
795,0,3,-0.335186931,-0.474545196,-0.473673609,-0.48944219,TRUE,FALSE,TRUE
796,0,2,0.740710875,-0.474545196,-0.473673609,-0.38667072,TRUE,FALSE,TRUE
797,1,1,1.509209309,-0.474545196,-0.473673609,-0.126345323,FALSE,FALSE,TRUE
798,1,3,0.125912129,-0.474545196,-0.473673609,-0.473586124,FALSE,FALSE,TRUE
799,0,3,0.049062285,-0.474545196,-0.473673609,-0.502863973,TRUE,FALSE,FALSE
800,0,3,0.049062285,0.432793366,0.767629879,-0.162168958,FALSE,FALSE,TRUE
801,0,2,0.356461659,-0.474545196,-0.473673609,-0.38667072,TRUE,FALSE,TRUE
802,1,2,0.125912129,0.432793366,0.767629879,-0.119886115,FALSE,FALSE,TRUE
803,1,1,-1.411084738,0.432793366,2.008933366,1.767740809,TRUE,FALSE,TRUE
804,1,3,-2.22415608,-0.474545196,0.767629879,-0.476940563,TRUE,FALSE,FALSE
805,1,3,-0.181487244,-0.474545196,-0.473673609,-0.50798221,TRUE,FALSE,TRUE
806,0,3,0.125912129,-0.474545196,-0.473673609,-0.491874461,TRUE,FALSE,TRUE
807,0,1,0.740710875,-0.474545196,-0.473673609,-0.648421654,TRUE,FALSE,TRUE
808,0,3,-0.873135834,-0.474545196,-0.473673609,-0.491874461,FALSE,FALSE,TRUE
809,0,2,0.740710875,-0.474545196,-0.473673609,-0.38667072,TRUE,FALSE,TRUE
810,1,1,0.279611815,0.432793366,-0.473673609,0.420730236,FALSE,FALSE,TRUE
811,0,3,-0.258337088,-0.474545196,-0.473673609,-0.489609308,TRUE,FALSE,TRUE
812,0,3,0.740710875,-0.474545196,-0.473673609,-0.162168958,TRUE,FALSE,TRUE
813,0,2,0.433311502,-0.474545196,-0.473673609,-0.437007438,TRUE,FALSE,TRUE
814,0,3,-1.795333954,3.154809051,2.008933366,-0.018709312,FALSE,FALSE,TRUE
815,0,3,0.087487207,-0.474545196,-0.473673609,-0.486337422,TRUE,FALSE,TRUE
816,0,1,-0.104637401,-0.474545196,-0.473673609,-0.648421654,TRUE,FALSE,TRUE
817,0,3,-0.488886618,-0.474545196,-0.473673609,-0.488854258,FALSE,FALSE,TRUE
818,0,2,0.125912129,0.432793366,0.767629879,0.096646338,TRUE,FALSE,FALSE
819,0,3,1.048110249,-0.474545196,-0.473673609,-0.518552921,TRUE,FALSE,TRUE
820,0,3,-1.487934581,2.24747049,2.008933366,-0.086663881,TRUE,FALSE,TRUE
821,1,1,1.739758839,0.432793366,0.767629879,1.234171598,FALSE,FALSE,TRUE
822,1,3,-0.181487244,-0.474545196,-0.473673609,-0.474004926,TRUE,FALSE,TRUE
823,0,1,0.663861032,-0.474545196,-0.473673609,-0.648421654,TRUE,FALSE,TRUE
824,1,3,-0.181487244,-0.474545196,0.767629879,-0.397241431,FALSE,FALSE,TRUE
825,0,3,-2.102733328,3.154809051,0.767629879,0.150673744,TRUE,FALSE,TRUE
826,0,3,-0.104637401,-0.474545196,-0.473673609,-0.508485578,TRUE,TRUE,FALSE
827,0,3,-0.104637401,-0.474545196,-0.473673609,0.489103607,TRUE,FALSE,TRUE
828,1,2,-2.179583171,-0.474545196,2.008933366,0.096646338,TRUE,FALSE,FALSE
829,1,3,-0.104637401,-0.474545196,-0.473673609,-0.492377828,TRUE,TRUE,FALSE
830,1,1,2.508257272,-0.474545196,-0.473673609,0.962353321,FALSE,FALSE,TRUE
831,1,3,-1.103685364,0.432793366,-0.473673609,-0.357390858,FALSE,FALSE,FALSE
832,1,2,-2.192647644,0.432793366,0.767629879,-0.270896269,TRUE,FALSE,TRUE
833,0,3,-0.104637401,-0.474545196,-0.473673609,-0.502863973,TRUE,FALSE,FALSE
834,0,3,-0.488886618,-0.474545196,-0.473673609,-0.490279793,TRUE,FALSE,TRUE
835,0,3,-0.873135834,-0.474545196,-0.473673609,-0.48130375,TRUE,FALSE,TRUE
836,1,1,0.740710875,0.432793366,0.767629879,1.025944704,FALSE,FALSE,FALSE
837,0,3,-0.642586304,-0.474545196,-0.473673609,-0.474004926,TRUE,FALSE,TRUE
838,0,3,-0.104637401,-0.474545196,-0.473673609,-0.486337422,TRUE,FALSE,TRUE
839,1,3,0.202761972,-0.474545196,-0.473673609,0.489103607,TRUE,FALSE,TRUE
840,1,1,-0.104637401,-0.474545196,-0.473673609,-0.050421444,TRUE,FALSE,FALSE
841,0,3,-0.719436148,-0.474545196,-0.473673609,-0.488854258,TRUE,FALSE,TRUE
842,0,2,-1.026835521,-0.474545196,-0.473673609,-0.437007438,TRUE,FALSE,TRUE
843,1,1,0.049062285,-0.474545196,-0.473673609,-0.024246351,FALSE,FALSE,FALSE
844,0,3,0.39488658,-0.474545196,-0.473673609,-0.518804605,TRUE,FALSE,FALSE
845,0,3,-0.949985678,-0.474545196,-0.473673609,-0.474004926,TRUE,FALSE,TRUE
846,0,3,0.971260405,-0.474545196,-0.473673609,-0.496404765,TRUE,FALSE,TRUE
847,0,3,-0.104637401,6.784163299,2.008933366,0.75194584,TRUE,FALSE,TRUE
848,0,3,0.433311502,-0.474545196,-0.473673609,-0.48944219,TRUE,FALSE,FALSE
849,0,2,-0.104637401,-0.474545196,0.767629879,0.016023024,TRUE,FALSE,TRUE
850,1,1,-0.104637401,0.432793366,-0.473673609,1.14566354,FALSE,FALSE,FALSE
851,0,3,-1.949033641,3.154809051,2.008933366,-0.018709312,TRUE,FALSE,TRUE
852,0,3,3.430455392,-0.474545196,-0.473673609,-0.491874461,TRUE,FALSE,TRUE
853,0,3,-1.564784424,0.432793366,0.767629879,-0.34145224,FALSE,FALSE,FALSE
854,1,1,-1.026835521,-0.474545196,0.767629879,0.144885022,FALSE,FALSE,TRUE
855,0,2,1.124960092,0.432793366,-0.473673609,-0.124919787,FALSE,FALSE,TRUE
856,1,3,-0.873135834,-0.474545196,0.767629879,-0.460162328,FALSE,FALSE,TRUE
857,1,1,1.201809935,0.432793366,0.767629879,2.671117778,FALSE,FALSE,TRUE
858,1,1,1.662908995,-0.474545196,-0.473673609,-0.113845709,TRUE,FALSE,TRUE
859,1,3,-0.412036774,-0.474545196,3.250236854,-0.260661807,FALSE,FALSE,FALSE
860,0,3,-0.104637401,-0.474545196,-0.473673609,-0.502863973,TRUE,FALSE,FALSE
861,0,3,0.894410562,1.340131928,-0.473673609,-0.364355446,TRUE,FALSE,TRUE
862,0,2,-0.642586304,0.432793366,-0.473673609,-0.416872751,TRUE,FALSE,TRUE
863,1,1,1.432359465,-0.474545196,-0.473673609,-0.126345323,FALSE,FALSE,TRUE
864,0,3,-0.104637401,6.784163299,2.008933366,0.75194584,FALSE,FALSE,TRUE
865,0,2,-0.412036774,-0.474545196,-0.473673609,-0.38667072,TRUE,FALSE,TRUE
866,1,2,0.971260405,-0.474545196,-0.473673609,-0.38667072,FALSE,FALSE,TRUE
867,1,2,-0.181487244,0.432793366,-0.473673609,-0.369389118,FALSE,FALSE,FALSE
868,0,1,0.125912129,-0.474545196,-0.473673609,0.368295484,TRUE,FALSE,TRUE
869,0,3,-0.104637401,-0.474545196,-0.473673609,-0.457142125,TRUE,FALSE,TRUE
870,1,3,-1.949033641,0.432793366,0.767629879,-0.424256141,TRUE,FALSE,TRUE
871,0,3,-0.258337088,-0.474545196,-0.473673609,-0.48944219,TRUE,FALSE,TRUE
872,1,1,1.355509622,0.432793366,0.767629879,0.409740724,FALSE,FALSE,TRUE
873,0,1,0.279611815,-0.474545196,-0.473673609,-0.547748218,TRUE,FALSE,TRUE
874,0,3,1.355509622,-0.474545196,-0.473673609,-0.467209469,TRUE,FALSE,TRUE
875,1,2,-0.104637401,0.432793366,-0.473673609,-0.165189161,FALSE,FALSE,FALSE
876,1,3,-1.103685364,-0.474545196,-0.473673609,-0.502948539,FALSE,FALSE,FALSE
877,0,3,-0.719436148,-0.474545196,-0.473673609,-0.45017955,TRUE,FALSE,TRUE
878,0,3,-0.796285991,-0.474545196,-0.473673609,-0.48944219,TRUE,FALSE,TRUE
879,0,3,-0.104637401,-0.474545196,-0.473673609,-0.48944219,TRUE,FALSE,TRUE
880,1,1,2.047158212,-0.474545196,0.767629879,1.025944704,FALSE,FALSE,FALSE
881,1,2,-0.335186931,-0.474545196,0.767629879,-0.124919787,FALSE,FALSE,TRUE
882,0,3,0.279611815,-0.474545196,-0.473673609,-0.48944219,TRUE,FALSE,TRUE
883,0,3,-0.565736461,-0.474545196,-0.473673609,-0.436671189,FALSE,FALSE,TRUE
884,0,2,-0.104637401,-0.474545196,-0.473673609,-0.437007438,TRUE,FALSE,TRUE
885,0,3,-0.335186931,-0.474545196,-0.473673609,-0.506472109,TRUE,FALSE,TRUE
886,0,3,0.740710875,-0.474545196,5.73284383,-0.061998889,FALSE,TRUE,FALSE
887,0,2,-0.181487244,-0.474545196,-0.473673609,-0.38667072,TRUE,FALSE,TRUE
888,1,1,-0.796285991,-0.474545196,-0.473673609,-0.044381038,FALSE,FALSE,TRUE
889,0,3,-0.104637401,0.432793366,2.008933366,-0.176263239,FALSE,FALSE,TRUE
890,1,1,-0.258337088,-0.474545196,-0.473673609,-0.044381038,TRUE,FALSE,FALSE
891,0,3,0.202761972,-0.474545196,-0.473673609,-0.492377828,TRUE,TRUE,FALSE
